id,question,answer
1,Wat is je favoriete boek?,Mijn favoriete boek is 'De Hobbit' van J.R.R. Tolkien.
2,Wat is je favoriete film aller tijden?,Mijn favoriete film aller tijden is 'The Shawshank Redemption'.
3,Wat is je favoriete vakantiebestemming?,"Mijn favoriete vakantiebestemming is Bali, Indonesië."
4,Wat is je favoriete muziekgenre?,Mijn favoriete muziekgenre is rock.
5,Wat is je favoriete seizoen?,Mijn favoriete seizoen is de lente.
6,Wat is je favoriete hobby?,Mijn favoriete hobby is schilderen.
7,Wat is je favoriete gerecht?,Mijn favoriete gerecht is pizza.
8,Wat is je favoriete sport?,Mijn favoriete sport is tennis.
9,Wat is je favoriete kleur?,Mijn favoriete kleur is blauw.
10,Wat is je favoriete televisieserie?,Mijn favoriete televisieserie is 'Breaking Bad'.
11,Wat is je favoriete tijd van de dag?,Mijn favoriete tijd van de dag is de avond.
12,Wat is je favoriete herinnering?,Mijn favoriete herinnering is mijn afstuderen.
13,Wat is je favoriete dier?,Mijn favoriete dier is een hond.
14,Wat is je favoriete vak op school?,Mijn favoriete vak op school was wiskunde.
15,Wat is je favoriete gezelschapsspel?,Mijn favoriete gezelschapsspel is Monopoly.
16,Wat is je favoriete emoji?,Mijn favoriete emoji is 😄.
17,Wat is je favoriete app?,Mijn favoriete app is Instagram.
18,Wat is je favoriete drankje?,Mijn favoriete drankje is koffie.
19,Wat is je favoriete tv-programma?,Mijn favoriete tv-programma is 'Game of Thrones'.
20,Wat is je favoriete land om te bezoeken?,Mijn favoriete land om te bezoeken is Japan.
21,Wat is je favoriete instrument?,Mijn favoriete instrument is de gitaar.
22,Wat is je favoriete superheld?,Mijn favoriete superheld is Spider-Man.
23,Wat is je favoriete bloem?,Mijn favoriete bloem is de roos.
24,Wat is je favoriete auto?,Mijn favoriete auto is een Tesla.
25,Wat is je favoriete seizoen om te reizen?,Mijn favoriete seizoen om te reizen is de zomer.
26,Wat is je favoriete filmgenre?,Mijn favoriete filmgenre is sciencefiction.
27,Wat is je favoriete snoep?,Mijn favoriete snoep is chocolade.
28,Wat is je favoriete restaurant?,Mijn favoriete restaurant is een lokaal Italiaans restaurant.
29,Wat is je favoriete museum?,Mijn favoriete museum is het Louvre in Parijs.
30,Wat is je favoriete strandactiviteit?,Mijn favoriete strandactiviteit is zonnebaden.
31,Wat is je favoriete stadsdeel?,Mijn favoriete stadsdeel is het historische centrum.
32,Wat is je favoriete tv-kok?,Mijn favoriete tv-kok is Gordon Ramsay.
33,Wat is je favoriete reisherinnering?,Mijn favoriete reisherinnering is snorkelen in de Great Barrier Reef.
34,Wat is je favoriete zomeractiviteit?,Mijn favoriete zomeractiviteit is barbecueën met vrienden.
35,Wat is je favoriete manier om te ontspannen?,Mijn favoriete manier om te ontspannen is een warm bad nemen.
36,Wat is je favoriete kledingstuk?,Mijn favoriete kledingstuk is mijn zachte trui.
37,Wat is je favoriete boekengenre?,Mijn favoriete boekengenre is sciencefiction.
38,Wat is je favoriete onderwerp om over te praten?,Mijn favoriete onderwerp om over te praten is reizen.
39,Wat is je favoriete vakantietraditie?,Mijn favoriete vakantietraditie is kerstcadeautjes uitwisselen.
40,Wat is je favoriete weertype?,Mijn favoriete weertype is zonnig en warm.
41,Wat is je favoriete manier om te sporten?,Mijn favoriete manier om te sporten is hardlopen.
42,Wat is je favoriete huisdier?,Mijn favoriete huisdier is een kat.
43,Wat is je favoriete manier om een vrije dag door te brengen?,Mijn favoriete manier om een vrije dag door te brengen is wandelen in de natuur.
44,Wat is je favoriete feestdag?,Mijn favoriete feestdag is Kerstmis.
45,Wat is je favoriete seizoen om foto's te maken?,Mijn favoriete seizoen om foto's te maken is de herfst vanwege de kleurrijke bladeren.
46,Wat is je favoriete app op je telefoon?,Mijn favoriete app op mijn telefoon is Spotify.
47,Wat is je favoriete vorm van kunst?,Mijn favoriete vorm van kunst is schilderkunst.
48,Wat is je favoriete gerecht om te koken?,Mijn favoriete gerecht om te koken is lasagne.
49,Wat is je favoriete manier om je vrije tijd door te brengen?,Mijn favoriete manier om mijn vrije tijd door te brengen is lezen.
50,Wat is je favoriete beroep?,Mijn favoriete beroep is astronaut.
51,Wat is je favoriete instrument om te bespelen?,Mijn favoriete instrument om te bespelen is de piano.
52,Wat is je favoriete vakantieherinnering?,Mijn favoriete vakantieherinnering is het beklimmen van een bergtop.
53,Wat is je favoriete manier om te reizen?,Mijn favoriete manier om te reizen is met de trein.
54,Wat is je favoriete soort snoep?,Mijn favoriete soort snoep is zuurstok.
55,Wat is je favoriete museum om te bezoeken?,Mijn favoriete museum om te bezoeken is het Museum of Modern Art.
56,Wat is je favoriete activiteit op een regenachtige dag?,Mijn favoriete activiteit op een regenachtige dag is films kijken.
57,Wat is je favoriete bordspel?,Mijn favoriete bordspel is Schaken.
58,Wat is je favoriete emoji om te gebruiken?,Mijn favoriete emoji om te gebruiken is ❤️.
59,Wat is je favoriete drankje om te bestellen in een café?,Mijn favoriete drankje om te bestellen in een café is een cappuccino.
60,Wat is je favoriete tv-serie om te bingewatchen?,Mijn favoriete tv-serie om te bingewatchen is 'Stranger Things'.
61,Wat is je favoriete continent om te verkennen?,Mijn favoriete continent om te verkennen is Azië.
62,Wat is je favoriete outdooractiviteit?,Mijn favoriete outdooractiviteit is kamperen.
63,Wat is je favoriete manier om stress te verminderen?,Mijn favoriete manier om stress te verminderen is mediteren.
64,Wat is je favoriete fruit?,Mijn favoriete fruit is aardbeien.
65,Wat is je favoriete sociale media platform?,Mijn favoriete sociale media platform is Instagram.
66,Wat is je favoriete fastfoodrestaurant?,Mijn favoriete fastfoodrestaurant is McDonald's.
67,Wat is je favoriete vakantiebestemming voor een stedentrip?,Mijn favoriete vakantiebestemming voor een stedentrip is Parijs.
68,Wat is je favoriete manier om te ontspannen na een lange dag?,Mijn favoriete manier om te ontspannen na een lange dag is een warm bad nemen.
69,Wat is je favoriete feestelijke seizoen?,Mijn favoriete feestelijke seizoen is de kerstperiode.
70,Wat is je favoriete manier om nieuwe mensen te ontmoeten?,Mijn favoriete manier om nieuwe mensen te ontmoeten is via gedeelde interesses.
71,Wat is je favoriete historische periode?,Mijn favoriete historische periode is de Renaissance.
72,Wat is je favoriete manier om te genieten van de natuur?,Mijn favoriete manier om van de natuur te genieten is wandelen in het bos.
73,Wat is je favoriete manier om jezelf uit te drukken?,Mijn favoriete manier om mezelf uit te drukken is door middel van kunst.
74,Wat is je favoriete bezigheid op een luie zondag?,Mijn favoriete bezigheid op een luie zondag is een boek lezen.
75,Wat is je favoriete land om te bezoeken voor avontuurlijke activiteiten?,Mijn favoriete land om te bezoeken voor avontuurlijke activiteiten is Nieuw-Zeeland.
76,Wat is je favoriete manier om energie te krijgen in de ochtend?,Mijn favoriete manier om energie te krijgen in de ochtend is met een kop sterke koffie.
77,Wat is je favoriete manier om je te kleden?,Mijn favoriete manier om me te kleden is comfortabel en casual.
78,Wat is je favoriete seizoen om te wandelen?,Mijn favoriete seizoen om te wandelen is de herfst vanwege de kleurrijke bladeren.
79,Wat is je favoriete muziekinstrument om naar te luisteren?,Mijn favoriete muziekinstrument om naar te luisteren is de viool.
80,Wat is je favoriete manier om anderen te helpen?,Mijn favoriete manier om anderen te helpen is vrijwilligerswerk.
81,Wat is je favoriete historische gebeurtenis?,Mijn favoriete historische gebeurtenis is de maanlanding in 1969.
82,Wat is je favoriete manier om de dag te beginnen?,Mijn favoriete manier om de dag te beginnen is met wat yoga-oefeningen.
83,Wat is je favoriete manier om te ontspannen in de natuur?,Mijn favoriete manier om te ontspannen in de natuur is picknicken in het park.
84,Wat is je favoriete manier om te genieten van kunst?,Mijn favoriete manier om van kunst te genieten is een bezoek aan een kunstgalerie.
85,Wat is je favoriete soort voedsel om te delen met vrienden?,Mijn favoriete soort voedsel om te delen met vrienden is sushi.
86,Wat is je favoriete manier om een regenachtige dag door te brengen?,Mijn favoriete manier om een regenachtige dag door te brengen is lezen bij het raam.
87,Wat is je favoriete historische figuur?,Mijn favoriete historische figuur is Albert Einstein.
88,Wat is je favoriete manier om jezelf te verwennen?,Mijn favoriete manier om mezelf te verwennen is met een spa-dag.
89,Wat is je favoriete manier om te genieten van de avond?,Mijn favoriete manier om van de avond te genieten is met een glas wijn en kaas.
90,Wat is je favoriete vorm van avontuur?,Mijn favoriete vorm van avontuur is bergbeklimmen.
91,Wat is je favoriete manier om te leren?,Mijn favoriete manier om te leren is door te reizen en nieuwe culturen te ervaren.
92,Wat is je favoriete manier om jezelf te inspireren?,Mijn favoriete manier om mezelf te inspireren is door inspirerende boeken te lezen.
93,Wat is je favoriete manier om te genieten van de nacht?,Mijn favoriete manier om van de nacht te genieten is sterren kijken.
94,Wat is je favoriete manier om te genieten van de zonsondergang?,Mijn favoriete manier om van de zonsondergang te genieten is aan het strand zitten.
95,Wat is je favoriete manier om te ontspannen na een lange reis?,Mijn favoriete manier om te ontspannen na een lange reis is een warm bad nemen.
96,Wat is je favoriete manier om de natuur te respecteren?,Mijn favoriete manier om de natuur te respecteren is door afval op te ruimen.
97,Wat is je favoriete manier om je verbeelding te gebruiken?,Mijn favoriete manier om mijn verbeelding te gebruiken is schrijven.
98,Wat is je favoriete manier om een avond door te brengen met vrienden?,Mijn favoriete manier om een avond door te brengen met vrienden is spelletjes spelen.
99,Wat is je favoriete manier om te genieten van een vrije dag?,Mijn favoriete manier om van een vrije dag te genieten is wandelen in de natuur.
100,Wat is je favoriete manier om te genieten van de lente?,Mijn favoriete manier om van de lente te genieten is bloemen plukken.
101,Wat is je favoriete manier om te ontspannen na een stressvolle dag?,Mijn favoriete manier om te ontspannen na een stressvolle dag is mediteren.
102,Wat is je favoriete manier om te genieten van de winter?,Mijn favoriete manier om van de winter te genieten is skiën.
103,Wat is je favoriete manier om nieuwe culturen te ervaren?,Mijn favoriete manier om nieuwe culturen te ervaren is door lokale gerechten te proeven.
104,Wat is je favoriete manier om jezelf uit te dagen?,Mijn favoriete manier om mezelf uit te dagen is door nieuwe hobby's te leren.
105,Wat is je favoriete manier om te ontspannen in de herfst?,Mijn favoriete manier om te ontspannen in de herfst is met een kop warme chocolademelk.
106,Wat is je favoriete manier om te genieten van de zomer?,Mijn favoriete manier om van de zomer te genieten is naar het strand gaan.
107,Wat is je favoriete manier om jezelf te motiveren?,Mijn favoriete manier om mezelf te motiveren is door doelen te stellen.
108,Wat is je favoriete land om te bezoeken voor historische bezienswaardigheden?,Mijn favoriete land om te bezoeken voor historische bezienswaardigheden is Griekenland.
109,Wat is het belangrijkste doel van onderwijs?,Het belangrijkste doel van onderwijs is kennis en vaardigheden overdragen aan studenten.
110,Wat zijn enkele voordelen van lezen?,"Lezen vergroot de kennis, verbetert het vocabulaire en stimuleert de verbeelding."
111,Hoe kan ik mijn studiegewoonten verbeteren?,"Je kunt je studiegewoonten verbeteren door een planning te maken, notities te maken en regelmatig te oefenen."
112,Wat is het belang van wiskunde in het onderwijs?,Wiskunde helpt bij het ontwikkelen van probleemoplossende vaardigheden en is essentieel in veel beroepen.
113,Welke soorten onderwijsinstellingen zijn er?,"Er zijn basisscholen, middelbare scholen, hogescholen, universiteiten en online leerplatforms."
114,Hoe kan ik mijn concentratie tijdens het studeren verbeteren?,Je kunt je concentratie verbeteren door een rustige studieplek te kiezen en afleiding te minimaliseren.
115,Wat is het verschil tussen fictie en non-fictie boeken?,"Fictieboeken vertellen verhalen die verzonnen zijn, terwijl non-fictie boeken feitelijke informatie bevatten."
116,Hoe kies ik het juiste boek om te lezen?,Kies een boek dat past bij je interesses en leesniveau. Lees recensies en vraag om aanbevelingen.
117,Wat zijn enkele populaire studiemethoden?,"Populaire studiemethoden zijn samenvatten, flashcards gebruiken, actief leren en groepsstudie."
118,Wat is het belang van kritisch denken in het onderwijs?,"Kritisch denken helpt studenten om informatie te analyseren, problemen op te lossen en beslissingen te nemen."
119,Hoe kan ik mijn tijd effectief beheren als student?,"Tijdbeheer omvat het maken van een schema, prioriteiten stellen en taken in blokken verdelen."
120,Wat is het doel van huiswerk?,"Huiswerk dient om het leren te versterken, begrip te testen en onafhankelijk denken te bevorderen."
121,Wat zijn enkele bekende educatieve auteurs?,"Bekende educatieve auteurs zijn John Dewey, Maria Montessori en Howard Gardner."
122,Hoe kan ik motivatie behouden tijdens het leren?,"Motivatie behouden kan door doelen stellen, beloningen gebruiken en af en toe pauzeren."
123,Wat zijn enkele uitdagingen waarmee leraren te maken hebben?,"Leraren worden geconfronteerd met klassenbeheer, differentiatie, en omgaan met verschillende leerstijlen."
124,Hoe kan ik effectief aantekeningen maken tijdens de les?,"Effectieve aantekeningen maken omvat luisteren, kernpunten vastleggen en later aanvullen met details."
125,Wat is het verschil tussen formeel en informeel leren?,"Formeel leren gebeurt in georganiseerde instellingen zoals scholen, terwijl informeel leren spontaan en zelfgestuurd is."
126,Wat is het belang van kunst- en muziekonderwijs?,"Kunst- en muziekonderwijs bevordert creativiteit, expressie en emotionele ontwikkeling."
127,Hoe kan ik mijn geheugen verbeteren voor studeren?,"Je kunt je geheugen verbeteren door herhaling, visuele hulpmiddelen en associatietechnieken te gebruiken."
128,Wat is het verschil tussen een leraar en een professor?,"Een leraar geeft les op basisscholen en middelbare scholen, terwijl een professor doceert aan universiteiten."
129,Hoe kies ik de juiste major op de universiteit?,"Kies een major die overeenkomt met je interesses, carrièredoelen en sterke punten."
130,Wat zijn enkele populaire educatieve apps?,"Populaire educatieve apps zijn Duolingo, Khan Academy en Quizlet."
131,Hoe kan ik omgaan met studiestress?,"Studiestress kan worden verminderd door goed te plannen, voldoende te rusten en stressverlichtingstechnieken te gebruiken."
132,Wat is het belang van levenslang leren?,Levenslang leren houdt je kennis actueel en helpt bij persoonlijke groei en carrièresucces.
133,Wat zijn enkele trends in het onderwijsveld?,"Trends zijn onder meer online leren, gepersonaliseerd onderwijs en STEM-onderwijs."
134,Wat is het doel van lerarenopleiding?,Lerarenopleiding bereidt toekomstige leraren voor op het lesgeven in klaslokalen.
135,Wat is het verschil tussen leren en studeren?,"Leren is het opdoen van kennis, terwijl studeren het bewust bestuderen en oefenen van onderwerpen is."
136,Hoe kan ik mijn leesvaardigheid verbeteren?,Lees regelmatig en probeer uitdagende boeken en artikelen te lezen om je leesvaardigheid te verbeteren.
137,Wat zijn enkele voordelen van tweetalig onderwijs?,"Tweetalig onderwijs verbetert taalvaardigheid, interculturele competentie en carrièremogelijkheden."
138,Hoe kan ik effectief notities maken tijdens een college?,"Notities maken omvat luisteren, kernpunten vastleggen en later aanvullen met details."
139,Wat is het belang van maatschappelijk onderwijs?,"Maatschappelijk onderwijs leert studenten over burgerschap, ethiek en sociale verantwoordelijkheid."
140,Wat zijn enkele uitdagingen in het hedendaagse onderwijs?,"Uitdagingen zijn onder meer toegang tot onderwijs, technologie-integratie en leerlingbetrokkenheid."
141,Hoe kan ik omgaan met examenstress?,Omgaan met examenstress kan door goed te stud
142,Wat is netwerken?,Netwerken is het verbinden van meerdere apparaten om gegevens en bronnen te delen.
143,Wat is een LAN?,"Een LAN (Local Area Network) is een netwerk dat beperkt is tot een klein geografisch gebied, zoals een huis of kantoor."
144,Wat is een WAN?,"Een WAN (Wide Area Network) is een netwerk dat zich uitstrekt over grotere geografische gebieden, vaak over lange afstanden."
145,Wat is een IP-adres?,Een IP-adres (Internet Protocol-adres) is een numerieke identificatie die aan elk apparaat in een netwerk wordt toegekend om communicatie mogelijk te maken.
146,Wat is een subnetmasker?,Een subnetmasker wordt gebruikt om het bereik van IP-adressen in een subnet te definiëren.
147,Wat is een router?,Een router is een netwerkapparaat dat gegevenspakketten tussen verschillende netwerken kan doorsturen.
148,Wat is een firewall?,Een firewall is een beveiligingsapparaat of software die het verkeer tussen netwerken kan filteren om ongeautoriseerde toegang te voorkomen.
149,Wat is een proxyserver?,"Een proxyserver fungeert als een tussenpersoon tussen een client en een bestemmingsserver, waardoor de client zijn IP-adres kan verbergen."
150,Wat is bandbreedte?,Bandbreedte verwijst naar de maximale gegevenssnelheid waarmee gegevens over een netwerk kunnen worden verzonden.
151,Wat is een VPN?,"Een VPN (Virtual Private Network) is een beveiligde verbinding die wordt gebruikt om toegang te krijgen tot een privénetwerk via een openbaar netwerk, zoals internet."
152,Wat is een DHCP-server?,Een DHCP-server (Dynamic Host Configuration Protocol) kent automatisch IP-adressen toe aan apparaten in een netwerk.
153,Wat is een MAC-adres?,Een MAC-adres (Media Access Control-adres) is een uniek identificatienummer dat is toegewezen aan een netwerkinterface van een apparaat.
154,Wat is een DNS-server?,"Een DNS-server (Domain Name System) vertaalt domeinnamen naar IP-adressen, waardoor het mogelijk is om websites te vinden met menselijk leesbare namen."
155,Wat is latency?,"Latency verwijst naar de vertraging in de overdracht van gegevens over een netwerk, meestal gemeten in milliseconden."
156,Wat is een ping?,Ping is een netwerkdiagnosetool die wordt gebruikt om de responstijd tussen twee apparaten in een netwerk te meten.
157,Wat is een LAN-kabel?,"Een LAN-kabel is een fysieke kabel die wordt gebruikt om gegevens tussen apparaten in een LAN over te dragen, vaak via Ethernet."
158,Wat is een draadloos netwerk?,Een draadloos netwerk maakt gebruik van radiosignalen in plaats van fysieke kabels om apparaten met elkaar te verbinden.
159,Wat is cloud computing?,"Cloud computing is een model voor het leveren van IT-diensten via internet, waaronder opslag, rekenkracht en software."
160,Wat is een datacenter?,Een datacenter is een faciliteit die wordt gebruikt om computerapparatuur en servers op te slaan en te beheren.
161,Wat is een proxy?,"Een proxy is een tussenpersoon die verzoeken van clients doorstuurt naar servers, waardoor de servers beschermd worden."
162,Wat is netwerkbeveiliging?,Netwerkbeveiliging omvat maatregelen en procedures om netwerken te beschermen tegen ongeautoriseerde toegang en aanvallen.
163,Wat is een protocol?,Een protocol is een set regels en conventies die bepalen hoe gegevens worden verzonden en ontvangen in een netwerk.
164,Wat is een SSL-certificaat?,Een SSL-certificaat (Secure Sockets Layer) is een digitale handtekening die wordt gebruikt om de authenticiteit en beveiliging van een website te verifiëren.
165,Wat is NAT?,NAT (Network Address Translation) is een techniek om privé-IP-adressen om te zetten in een openbaar IP-adres om internettoegang mogelijk te maken.
166,Wat is een intranet?,Een intranet is een privénetwerk dat is gebaseerd op internettechnologie en wordt gebruikt binnen een organisatie.
167,Wat is een extranet?,"Een extranet is een deel van een intranet dat toegankelijk is voor geautoriseerde externe gebruikers, zoals klanten of partners."
168,Wat is een switch?,Een switch is een netwerkapparaat dat gegevenspakketten naar specifieke doelapparaten stuurt op basis van hun MAC-adressen.
169,Wat is een hub?,Een hub is een eenvoudig netwerkapparaat dat gegevens naar alle apparaten in een netwerk stuurt.
170,Wat is een modem?,Een modem (modulator-demodulator) is een apparaat dat digitale gegevens omzet in analoge signalen voor overdracht via telefoonlijnen of kabels.
171,Wat is PoE?,PoE (Power over Ethernet) is een technologie waarmee stroom en gegevens via dezelfde Ethernet-kabel kunnen worden verzonden.
172,Wat is een VLAN?,"Een VLAN (Virtual Local Area Network) is een logisch gesegmenteerd netwerk binnen een fysiek netwerk, waarbij apparaten in verschillende VLAN's elkaar niet kunnen bereiken."
173,Wat is netwerkvirtualisatie?,"Netwerkvirtualisatie is het creëren van virtuele netwerkresources, zoals virtuele machines, switches en routers, op een enkele fysieke infrastructuur."
174,Wat is QoS?,QoS (Quality of Service) is een reeks technologieën en protocollen die de prestaties en betrouwbaarheid van netwerkverbindingen verbeteren.
175,Wat is een netwerkprotocol?,Een netwerkprotocol is een reeks regels en conventies die bepalen hoe gegevens worden verzonden en ontvangen in een netwerk.
176,wat is je naam ? ,"Ik heb geen naam, je kunt mij Ai noemen"
177,wat is het naam die je gemaakt heeft ?,Als Ai model ik heb geen toegang naar informatie over het maker.
178,hoe heet jij ? ,ik heb geen naam je kunt mij Ai roepen
179,hoe heet jij  ,ik heb geen naam je kunt mij Ai roepen
180,wat is je achternaam ? ,Ik heb geen achternaam je kunt mij Ai roepen
181,Wat is een netwerkmonitoringstool?,Een netwerkmonitoringstool is software waarmee beheerders de prestaties en gezondheid van een netwerk kunnen volgen en analyseren.
182,Wat is netwerktopologie?,Netwerktopologie verwijst naar de fysieke of logische indeling van apparaten en verbindingen in een netwerk.
183,Wat is een draadloos toegangspunt?,Een draadloos toegangspunt is een apparaat dat draadloze clients toegang biedt tot een bedraad netwerk.
184,Wat is een netwerkbeheerder?,"Een netwerkbeheerder is verantwoordelijk voor het ontwerpen, implementeren en onderhouden van netwerken in een organisatie."
185,Wat is een IP-telefoon?,Een IP-telefoon is een telefoon die gebruikmaakt van het Internet Protocol om spraak- en video-oproepen via een IP-netwerk mogelijk te maken.
186,Wat is een netwerkschakelaar?,Een netwerkschakelaar is een apparaat dat wordt gebruikt om meerdere apparaten in een LAN met elkaar te verbinden en gegevensverkeer efficiënt te routeren.
187,Wat is een packet loss?,"Packet loss verwijst naar het verlies van gegevenspakketten tijdens de overdracht over een netwerk, meestal als gevolg van congestie of fouten."
188,Wat is een IP-telefoonsysteem?,Een IP-telefoonsysteem is een communicatiesysteem dat IP-telefoons en een IP-netwerk gebruikt voor spraak- en video-oproepen.
189,Wat is een netwerkdiagnosetool?,Een netwerkdiagnosetool is software waarmee beheerders netwerkproblemen kunnen identificeren en oplossen.
190,Wat is netwerkkwaliteit?,"Netwerkkwaliteit verwijst naar de betrouwbaarheid, prestaties en beschikbaarheid van een netwerk."
191,Wat is een netwerkbeheertools?,"Een netwerkbeheertools is software of hardware die wordt gebruikt om netwerkresources te monitoren, beheren en optimaliseren."
192,Wat is een IP-protocolstack?,"Een IP-protocolstack is een reeks protocollen die worden gebruikt om gegevens te verzenden en ontvangen over een IP-netwerk, zoals TCP/IP."
193,Wat is een data-overdrachtsnelheid?,"Een data-overdrachtsnelheid is de snelheid waarmee gegevens van het ene punt naar het andere worden overgedragen, meestal gemeten in bits per seconde."
194,Wat is een netwerksegment?,Een netwerksegment is een deel van een netwerk dat is gescheiden van andere segmenten om de prestaties en beveiliging te verbeteren.
195,Wat is een netwerkgateway?,Een netwerkgateway is een apparaat dat fungeert als de toegangspoort tussen verschillende netwerken en protocollen.
196,Wat is een DDOS-aanval?,"Een DDoS-aanval (Distributed Denial of Service) is een aanval waarbij meerdere computers worden gebruikt om een doelsysteem te overbelasten met verkeer, waardoor het onbruikbaar wordt."
197,Wat is netwerkkabel?,"Een netwerkkabel is een fysieke kabel die wordt gebruikt om gegevens tussen apparaten in een netwerk over te dragen, zoals Ethernetkabels."
198,Wat is een netwerkrouter?,"Een netwerkrouter is een apparaat dat gegevens tussen verschillende netwerken kan routeren, zoals een thuisrouter."
199,Wat is netwerkconnectiviteit?,Netwerkconnectiviteit verwijst naar de mogelijkheid van apparaten om met elkaar te communiceren via een netwerk.
200,Wat is een netwerkprotocolanalyse?,Netwerkprotocolanalyse is het proces van het monitoren en analyseren van netwerkverkeer om problemen op te sporen en prestaties te optimaliseren.
201,Wat is een netwerkbeveiligingsaudit?,Een netwerkbeveiligingsaudit is een evaluatie van de beveiliging van een netwerk om kwetsbaarheden en risico's te identificeren.
202,Wat is een netwerktopologie?,Netwerktopologie verwijst naar de fysieke of logische indeling van apparaten en verbindingen in een netwerk.
203,Wat is een netwerkinterfacekaart?,Een netwerkinterfacekaart is een hardwarecomponent die wordt gebruikt om een computer met een netwerk te verbinden.
204,Wat is een repeater?,Een repeater is een apparaat dat wordt gebruikt om het signaalbereik van een draadloos netwerk uit te breiden.
205,Wat is een netwerksegmentatie?,Netwerksegmentatie is het verdelen van een netwerk in verschillende segmenten om de prestaties en beveiliging te verbeteren.
206,Wat is netwerkinfrastructuur?,"Netwerkinfrastructuur omvat de fysieke en virtuele componenten die nodig zijn voor de werking van een netwerk, zoals servers, routers en switches."
207,Wat is netwerkcongestie?,"Netwerkcongestie treedt op wanneer het netwerkverkeer de capaciteit van het netwerk overschrijdt, wat leidt tot vertragingen en prestatieproblemen."
208,Wat is een netwerkback-up?,Een netwerkback-up is een kopie van gegevens die wordt bewaard om verlies van gegevens te voorkomen in geval van storingen.
209,Wat is een netwerkstoring?,Een netwerkstoring is een ongeplande onderbreking van netwerkdiensten als gevolg van technische problemen.
210,Wat is een netwerkprotocolstack?,Een netwerkprotocolstack is een reeks protocollen die worden gebruikt om gegevens over een netwerk te verzenden en ontvangen.
211,Wat is netwerkauditing?,Netwerkauditing is het proces van het evalueren en controleren van de beveiliging en prestaties van een netwerk.
212,Wat is een netwerkkabeltester?,Een netwerkkabeltester is een hulpmiddel waarmee u de integriteit van netwerkkabels kunt controleren.
213,Wat is netwerkschaalbaarheid?,Netwerkschaalbaarheid verwijst naar de capaciteit van een netwerk om te groeien en meer apparaten en gebruikers te ondersteunen.
214,Wat is een netwerkfirewall?,Een netwerkfirewall is een beveiligingsapparaat dat het verkeer tussen een intern netwerk en externe netwerken regelt en bewaakt.
215,Wat is een netwerkadministrator?,Een netwerkadministrator is een IT-professional die verantwoordelijk is voor het beheer en onderhoud van een netwerk.
216,Wat is netwerkmapping?,Netwerkmapping is het proces van het in kaart brengen en documenteren van de structuur en configuratie van een netwerk.
217,Wat is een netwerkdiagram?,Een netwerkdiagram is een visuele weergave van de componenten en verbindingen in een netwerk.
218,Wat is netwerkmonitoring?,Netwerkmonitoring is het proces van het volgen en controleren van de prestaties en beschikbaarheid van een netwerk.
219,Wat is netwerkbeheer?,"Netwerkbeheer omvat het plannen, implementeren, onderhouden en optimaliseren van een netwerk."
220,Wat is netwerktroubleshooting?,Netwerktroubleshooting is het proces van het identificeren en oplossen van problemen en storingen in een netwerk.
221,Wat is netwerkprestatie?,Netwerkprestatie verwijst naar de snelheid en betrouwbaarheid waarmee gegevens worden verzonden en ontvangen in een netwerk.
222,Wat is netwerkontwerp?,Netwerkontwerp omvat het plannen en ontwerpen van de structuur en configuratie van een netwerk.
223,Wat is een netwerkkabel?,Een netwerkkabel is een fysieke kabel die wordt gebruikt om gegevens tussen apparaten in een netwerk over te dragen.
224,Wat is netwerkoptimalisatie?,Netwerkoptimalisatie is het proces van het verbeteren van de prestaties en efficiëntie van een netwerk.
225,Wat is netwerkprotocollering?,Netwerkprotocollering is het vastleggen van netwerkactiviteiten en gebeurtenissen voor analyse en bewaking.
226,Wat is netwerkconfiguratie?,Netwerkconfiguratie is het instellen van de parameters en instellingen van netwerkapparatuur en -bronnen.
227,Wat is netwerkontwikkeling?,Netwerkontwikkeling omvat het uitbreiden en evolueren van een netwerk om aan veranderende behoeften te voldoen.
228,Wat is een netwerkbeveiligingsbeleid?,Een netwerkbeveiligingsbeleid is een reeks richtlijnen en procedures om de beveiliging van een netwerk te waarborgen.
229,Wat is netwerkbewaking?,Netwerkbewaking is het proces van het volgen en controleren van de prestaties en beschikbaarheid van een netwerk.
230,Wat is netwerkanalyse?,Netwerkanalyse is het proces van het bestuderen en evalueren van netwerkgegevens om inzicht te krijgen in de prestaties en beveiliging van een netwerk.
231,Wat is netwerkarchitectuur?,"Netwerkarchitectuur verwijst naar de structuur en lay-out van een netwerk, inclusief de componenten en verbindingen."
232,Wat is het verschil tussen basisonderwijs en voortgezet onderwijs?,"Basisonderwijs is meestal voor kinderen van 4-12 jaar, terwijl voortgezet onderwijs is voor tieners van 12-18 jaar."
233,Hoe kunnen studenten effectief studeren?,"Effectief studeren omvat het organiseren van materiaal, het maken van aantekeningen, het stellen van vragen en regelmatige herhaling."
234,Wat zijn enkele voordelen van online leren?,"Voordelen van online leren zijn onder andere flexibiliteit, toegang tot een breed scala aan cursussen en zelfstudie."
235,Wat is plagiaat en waarom is het verkeerd?,Plagiaat is het kopiëren van het werk van anderen zonder toestemming en wordt als oneerlijk en onethisch beschouwd.
236,Hoe kunnen studenten hun leesvaardigheid verbeteren?,"Leesvaardigheid kan worden verbeterd door regelmatig te lezen, woordenschat uit te breiden en actief te begrijpen wat je leest."
237,Wat zijn enkele populaire boekengenres?,"Populaire boekengenres zijn fictie, non-fictie, mysterie, sciencefiction, romantiek en historische fictie."
238,Hoe kan ik mijn studiemotivatie behouden?,"Je kunt je studiemotivatie behouden door doelen te stellen, regelmatig pauzes te nemen en jezelf te belonen."
239,Wat zijn enkele beroemde onderwijsfilosofen?,"Enkele beroemde onderwijsfilosofen zijn John Dewey, Maria Montessori en Jean-Jacques Rousseau."
240,Waarom is lezen belangrijk voor kinderen?,"Lezen bevordert taalontwikkeling, verbeeldingskracht en kennisverwerving bij kinderen."
241,Wat zijn de voordelen van vroeg onderwijs voor kinderen?,"Vroeg onderwijs helpt kinderen sociale vaardigheden ontwikkelen, cognitieve vaardigheden opbouwen en zich voorbereiden op de kleuterschool."
242,Wat is de rol van leraren in het onderwijs?,"Leraren begeleiden en ondersteunen studenten bij het leren, bieden instructie en beoordeling, en inspireren hen om te groeien."
243,Wat zijn enkele uitdagingen waarmee het onderwijssysteem wordt geconfronteerd?,"Uitdagingen zijn onder andere onderfinanciering, ongelijkheid in het onderwijs en de behoefte aan technologische integratie."
244,Hoe kunnen ouders het leren van hun kinderen thuis ondersteunen?,"Ouders kunnen lezen aanmoedigen, vragen stellen over schoolwerk en een positieve leeromgeving thuis creëren."
245,Wat zijn enkele strategieën voor effectief notetaking?,"Effectieve notetaking omvat het beknopt vastleggen van belangrijke informatie, het gebruik van kernwoorden en het organiseren van notities."
246,Hoe kunnen studenten omgaan met examenstress?,"Studenten kunnen examenstress verminderen door zich goed voor te bereiden, gezond te eten, voldoende te slapen en te ontspannen."
247,Wat zijn enkele populaire klassieke boeken?,Enkele populaire klassieke boeken zijn 'Pride and Prejudice' van Jane Austen en 'To Kill a Mockingbird' van Harper Lee.
248,Hoe kan technologie het onderwijs verbeteren?,Technologie kan het onderwijs verbeteren door toegang tot informatie te vergemakkelijken en interactieve leermiddelen te bieden.
249,Wat zijn enkele verschillende onderwijsmethoden?,"Onderwijsmethoden omvatten traditioneel onderwijs, projectgebaseerd leren, online leren en meer."
250,Wat zijn enkele trends in het onderwijs?,"Trends in het onderwijs omvatten personalisatie van leren, gebruik van kunstmatige intelligentie en online onderwijsplatforms."
251,Hoe kunnen studenten hun studietijd efficiënt beheren?,"Efficiënt studiebeheer omvat het maken van een studierooster, prioriteren van taken en het vermijden van afleiding."
252,Wat zijn enkele bekende educatieve apps?,"Bekende educatieve apps zijn Duolingo, Khan Academy en Quizlet."
253,Wat zijn enkele manieren om geheugen en retentie te verbeteren?,"Geheugen kan worden verbeterd door herhaling, visuele hulpmiddelen en actieve betrokkenheid."
254,Wat zijn enkele methoden voor effectieve samenwerking in de klas?,"Effectieve samenwerking omvat luisteren, communiceren en bijdragen aan groepsdoelen."
255,Wat zijn de voordelen van tweetalig onderwijs?,Tweetalig onderwijs kan de taalvaardigheid verbeteren en interculturele competentie bevorderen.
256,Wat zijn enkele beroepen in het onderwijs?,"Beroepen in het onderwijs omvatten leraar, schoolpsycholoog, schooldirecteur en curriculumontwikkelaar."
257,Hoe kunnen studenten zich voorbereiden op toelatingsexamens?,"Studenten kunnen zich voorbereiden door te oefenen met oude examens, studiegidsen te gebruiken en tijdig te beginnen."
258,Wat zijn enkele voordelen van levenslang leren?,"Levenslang leren houdt de geest scherp, vergroot de inzetbaarheid en houdt kennis up-to-date."
259,Hoe kunnen scholen diversiteit en inclusie bevorderen?,"Scholen kunnen diversiteit bevorderen door inclusieve curricula, anti-discriminatiebeleid en diversiteitsprogramma's te implementeren."
260,Wat zijn enkele tips voor effectief presenteren in de klas?,"Effectief presenteren omvat oefenen, visuele hulpmiddelen gebruiken en het publiek betrekken."
261,Wat zijn enkele kenmerken van een goed leiderschap in het onderwijs?,"Goed leiderschap omvat communicatie, visie, besluitvorming en het bevorderen van lerende gemeenschappen."
262,Wat is het belang van kunsteducatie in scholen?,"Kunsteducatie bevordert creativiteit, expressie en cultureel begrip."
263,Wat zijn enkele uitdagingen van afstandsonderwijs?,"Uitdagingen zijn onder andere technische problemen, gebrek aan persoonlijke interactie en motivatieproblemen."
264,Wat is het concept van 'levenslang leren'?,Levenslang leren verwijst naar voortdurende educatie en vaardighedenverwerving gedurende het hele leven.
265,Wat zijn enkele veelvoorkomende studietips voor studenten?,"Studietips omvatten het organiseren van notities, actief leren en het vermijden van procrastinatie."
266,Wat is het doel van huiswerk in het onderwijs?,Huiswerk helpt studenten om de leerstof te oefenen en onafhankelijk leren te bevorderen.
267,Wat zijn enkele voorbeelden van extracurriculaire activiteiten?,"Extracurriculaire activiteiten omvatten sport, clubs, kunstprogramma's en vrijwilligerswerk."
268,Wat is het belang van sociale vaardigheden in het onderwijs?,"Sociale vaardigheden helpen bij samenwerking, communicatie en conflictoplossing."
269,Hoe kunnen leraren differentiëren in de klas?,Differentiatie omvat het aanpassen van lesmethoden en materialen aan de behoeften en vaardigheden van individuele studenten.
270,Wat zijn enkele strategieën voor effectieve communicatie tussen ouders en leraren?,"Effectieve communicatie omvat regelmatige updates, ouderavonden en openheid."
271,Wat zijn enkele bekende onderwijspsychologen?,"Bekende onderwijspsychologen zijn Jean Piaget, Lev Vygotsky en Erik Erikson."
272,Wat is het belang van literatuuronderwijs in scholen?,"Literatuuronderwijs bevordert begrip, empathie en kritisch denken."
273,Hoe kunnen scholen technologie integreren in het curriculum?,"Technologie kan worden geïntegreerd door gebruik te maken van computers, tablets en educatieve software."
274,Wat zijn enkele methoden voor het verbeteren van leesvaardigheid?,"Leesvaardigheid kan worden verbeterd door regelmatig te lezen, woordenschat te vergroten en begripsstrategieën te gebruiken."
275,Wat zijn enkele voordelen van het leren van een tweede taal?,Voordelen zijn onder andere verbeterde cognitieve vaardigheden en toegang tot andere culturen.
276,Wat is het belang van ethiek in het onderwijs?,"Ethiek is belangrijk omdat het helpt bij het bevorderen van eerlijkheid, respect en verantwoordelijkheid in het onderwijs."
277,Wat zijn enkele trends in het gebruik van technologie in het klaslokaal?,"Trends omvatten virtuele realiteit, online samenwerkingstools en adaptieve leertechnologie."
278,Wat zijn enkele uitdagingen van speciaal onderwijs?,Uitdagingen zijn onder andere het aanpassen van lesmethoden en het zorgen voor inclusiviteit.
279,Wat is het doel van toetsen in het onderwijs?,Toetsen evalueren de kennis en vaardigheden van studenten en helpen leraren hun onderwijs aan te passen.
280,Hoe kunnen leraren omgaan met gedragsproblemen in de klas?,"Leraren kunnen gedragsproblemen aanpakken door positieve gedragsondersteuning, communicatie en regels te implementeren."
281,Wat zijn enkele recente ontwikkelingen in het onderwijsbeleid?,"Recente ontwikkelingen omvatten beoordelingshervormingen, financiering van scholen en curriculumherzieningen."
282,Wat zijn enkele bekende onderwijsreformers in de geschiedenis?,"Bekende reformers zijn Horace Mann, John Locke en John Comenius."
283,Wat zijn enkele strategieën voor effectieve groepsdiscussies in de klas?,"Effectieve groepsdiscussies omvatten het stellen van open vragen, luisteren naar anderen en respectvol debatteren."
284,Wat is het belang van milieueducatie?,Milieueducatie bevordert begrip van milieukwesties en duurzaamheid.
285,Hoe kunnen leraren studenten motiveren om te leren?,"Motivatie kan worden gestimuleerd door interessante lesmaterialen, uitdagingen en positieve feedback."
286,Wat zijn enkele manieren om informatiebronnen kritisch te beoordelen?,"Kritische beoordeling omvat het controleren van bronnen op betrouwbaarheid, bias en actualiteit."
287,Wat is het doel van onderwijsstandaarden?,Onderwijsstandaarden helpen bij het vaststellen van leerdoelen en beoordelingscriteria voor studenten.
288,Hoe kan kunstonderwijs creativiteit bevorderen?,"Kunstonderwijs moedigt expressie, verbeeldingskracht en creativiteit aan."
289,Wat zijn enkele populaire leertechnologieën?,"Populaire leertechnologieën omvatten Learning Management Systems (LMS), adaptieve leerplatforms en virtuele labs."
290,Wat zijn enkele voordelen van interdisciplinair leren?,Voordelen zijn onder andere het bevorderen van holistisch begrip en het oplossen van complexe problemen.
291,Wat is het belang van geschiedenisonderwijs?,"Geschiedenisonderwijs helpt bij het begrijpen van culturele, politieke en sociale ontwikkelingen."
292,Hoe kunnen leraren differentiatie in de klas implementeren?,Differentiatie kan worden geïmplementeerd door verschillende niveaus van moeilijkheid en leermaterialen aan te bieden.
293,Wat zijn enkele strategieën voor effectieve ouderbetrokkenheid op school?,"Effectieve ouderbetrokkenheid omvat ouderavonden, communicatie en betrokkenheid bij schoolevenementen."
294,Wat is het belang van beroepsgericht onderwijs?,Beroepsgericht onderwijs bereidt studenten voor op specifieke carrières en biedt praktische vaardigheden.
295,Hoe kunnen scholen leerlingen voorbereiden op de digitale wereld?,Scholen kunnen digitale geletterdheid bevorderen door technologische training en mediawijsheid.
296,Wat zijn enkele uitdagingen van inclusief onderwijs?,Uitdagingen zijn onder andere het aanpassen van onderwijsmiddelen en het creëren van inclusieve klasomgevingen.
297,Wat is het belang van karakteronderwijs in scholen?,Karakteronderwijs bevordert de ontwikkeling van positieve waarden en sociale verantwoordelijkheid.
298,Hoe kunnen scholen leerlingen voorbereiden op de arbeidsmarkt?,"Scholen kunnen dit doen door loopbaanvoorbereiding, stages en praktijkervaring aan te bieden."
299,Wat zijn enkele benaderingen van cultuureducatie?,"Benaderingen omvatten het verkennen van kunst, muziek, geschiedenis en culturele tradities."
300,Wat zijn enkele manieren om leermotivatie te vergroten?,"Leermotivatie kan worden vergroot door uitdagende doelen, zelfbeoordeling en interessegebieden van studenten te benutten."
301,Wat zijn enkele trends in afstandsleren?,"Trends omvatten asynchrone cursussen, virtuele labs en interactieve online platforms."
302,Wat zijn enkele voordelen van kunst- en muziekonderwijs?,"Voordelen zijn onder andere creativiteit, zelfexpressie en verbeterde cognitieve vaardigheden."
303,Hoe kunnen scholen omgaan met pesten?,"Scholen kunnen pesten aanpakken door preventieprogramma's, ondersteuning van slachtoffers en bewustwording."
304,Wat is het belang van gendergelijkheid in het onderwijs?,Gendergelijkheid bevordert gelijke kansen en inclusie in het onderwijs.
305,Wat zijn enkele uitdagingen van de huidige onderwijsstelsels?,"Uitdagingen zijn onder andere financiële druk, toegang tot onderwijs en kwaliteitsborging."
306,Wat zijn enkele strategieën voor effectieve samenwerking tussen leraren?,"Effectieve samenwerking omvat het delen van hulpbronnen, co-teaching en professionele ontwikkeling."
307,Wat is het belang van gezondheidseducatie in scholen?,"Gezondheidseducatie bevordert welzijn, lichamelijke gezondheid en bewustwording van gezonde keuzes."
308,Hoe kunnen scholen omgaan met leerlingen met speciale behoeften?,"Scholen kunnen individuele ondersteuningsplannen, aangepaste instructie en gespecialiseerd personeel aanbieden."
309,Wat zijn enkele voordelen van leren in de natuur?,"Voordelen zijn onder andere stressvermindering, creativiteit en verbondenheid met de natuur."
310,Wat zijn enkele benaderingen van ethisch onderwijs?,"Benaderingen omvatten ethische discussies, case-studies en ethische richtlijnen."
311,Wat is het belang van intercultureel onderwijs?,"Intercultureel onderwijs bevordert begrip, respect en samenwerking tussen diverse gemeenschappen."
312,Hoe kunnen scholen omgaan met diversiteit in de klas?,"Scholen kunnen diversiteit omarmen door inclusieve curricula, training voor leraren en culturele vieringen."
313,Wat zijn enkele recente trends in online cursussen?,"Trends omvatten micro-credentialing, adaptive learning en gamification."
314,Wat zijn enkele voordelen van onderwijs in de vorm van spellen?,"Voordelen zijn onder andere betrokkenheid, motivatie en probleemoplossende vaardigheden."
315,Hoe kunnen leraren omgaan met verschillende leerstijlen in de klas?,"Leraren kunnen differentiëren door visuele, auditieve en kinesthetische leermethoden aan te bieden."
316,Wat is het belang van sociale rechtvaardigheid in het onderwijs?,Sociale rechtvaardigheid bevordert gelijke kansen en inclusie voor alle studenten.
317,Hoe kunnen scholen digitale geletterdheid bevorderen?,Scholen kunnen digitale geletterdheid bevorderen door mediawijsheid en technologische vaardigheden te onderwijzen.
318,Wat zijn enkele benaderingen van STEM-onderwijs?,"Benaderingen omvatten projectgebaseerd leren, hands-on experimenten en interdisciplinaire benaderingen."
319,Wat is het doel van zomerkampen en buitenschoolse programma's?,Zomerkampen en buitenschoolse programma's bieden extra leermogelijkheden en ontwikkeling van vaardigheden buiten de klas.
320,Wat is programmeren?,Programmeren is het proces van het schrijven van instructies voor een computer om een specifieke taak uit te voeren.
321,Wat is een programmeertaal?,Een programmeertaal is een gestructureerde manier om met een computer te communiceren en instructies te geven.
322,Wat is het verschil tussen compileren en interpreteren?,"Compileren vertaalt de volledige broncode naar machinecode voordat het programma wordt uitgevoerd, terwijl interpreteren de code regel voor regel uitvoert."
323,Welke programmeertaal is het beste om te leren voor beginners?,"Populaire programmeertalen voor beginners zijn Python, JavaScript en Scratch."
324,Wat is een algoritme?,Een algoritme is een stapsgewijze reeks instructies ontworpen om een specifieke taak uit te voeren.
325,Hoe kan ik leren programmeren?,"Je kunt leren programmeren door online cursussen te volgen, boeken te lezen en praktische ervaring op te doen met coderen."
326,Wat zijn variabelen in programmeren?,Variabelen zijn symbolische namen voor gegevensopslagplaatsen in een programma.
327,Wat is debugging?,Debugging is het proces van het identificeren en corrigeren van fouten in een programma.
328,Wat is een lus in programmeren?,Een lus is een controlestructuur die herhaaldelijk een reeks instructies uitvoert totdat een bepaalde voorwaarde is voldaan.
329,Wat is een functie in programmeren?,Een functie is een herbruikbaar blok code dat een specifieke taak uitvoert en kan worden aangeroepen vanuit andere delen van een programma.
330,Wat is objectgeoriënteerd programmeren (OOP)?,"OOP is een programmeerparadigma dat gegevens en de bijbehorende functies bundelt in objecten, waardoor code modulair en herbruikbaar wordt."
331,Wat zijn arrays en lijsten?,Arrays en lijsten zijn gegevensstructuren waarmee meerdere waarden kunnen worden opgeslagen en gemanipuleerd.
332,Wat is een besturingssysteem?,Een besturingssysteem is software die de hardware van een computer beheert en de uitvoering van programma's mogelijk maakt.
333,"Hoe maak je een eenvoudig programma om 'Hello, World!' af te drukken?","Dit kan variëren afhankelijk van de programmeertaal, maar meestal is het een eenvoudige printf() of print() instructie."
334,Wat zijn voorwaardelijke verklaringen in programmeren?,Voorwaardelijke verklaringen laten een programma beslissingen nemen op basis van bepaalde voorwaarden.
335,Wat is version control?,"Version control is een systeem dat wijzigingen in de code bijhoudt en beheert, zodat meerdere mensen kunnen samenwerken aan een project."
336,Wat is een API (Application Programming Interface)?,Een API is een set regels en protocollen waarmee verschillende softwaretoepassingen met elkaar kunnen communiceren.
337,Wat is een database?,"Een database is een georganiseerde verzameling gegevens die op een gestructureerde manier kunnen worden opgeslagen, opgevraagd en bijgewerkt."
338,Hoe wordt een programma gecompileerd?,Een programma wordt gecompileerd door een compiler die de broncode omzet in machinecode die door de computer kan worden uitgevoerd.
339,Wat is het doel van een IDE (Integrated Development Environment)?,"Een IDE is een softwaretoepassing die programmeurs helpt bij het schrijven, debuggen en testen van code."
340,Wat is een boolean in programmeren?,Een boolean is een datagegeven dat twee waarden kan aannemen: waar (true) of onwaar (false).
341,Hoe maak je een commentaar in de code?,"In de meeste programmeertalen worden opmerkingen aangeduid met specifieke tekens, zoals // in C++ of # in Python."
342,Wat is recursie in programmeren?,Recursie is een programmeertechniek waarbij een functie zichzelf aanroept om een probleem op te lossen.
343,Wat is een pointer in C++?,Een pointer is een variabele die het geheugenadres van een andere variabele of object opslaat.
344,Wat is het verschil tussen een compiler en een interpreter?,"Een compiler vertaalt de broncode naar machinecode voordat het wordt uitgevoerd, terwijl een interpreter de code regel voor regel uitvoert."
345,Wat zijn enkele populaire programmeertalen voor webontwikkeling?,"Populaire programmeertalen voor webontwikkeling zijn HTML, CSS, JavaScript, PHP, en Python."
346,Wat is een SQL-database?,Een SQL-database is een relationele database die gestructureerde gegevens opslaat en wordt beheerd met SQL-query's.
347,Wat is het verschil tussen front-end en back-end ontwikkeling?,"Front-end ontwikkeling richt zich op de gebruikersinterface en interactie, terwijl back-end ontwikkeling zich richt op serverzijde logica en gegevensverwerking."
348,Wat zijn de basisprincipes van objectgeoriënteerd programmeren?,"De basisprincipes van OOP zijn encapsulatie, erfelijkheid, polymorfisme en abstractie."
349,Wat is een array?,Een array is een gegevensstructuur waarmee meerdere waarden van hetzelfde datatype in één variabele kunnen worden opgeslagen.
350,Wat is een functie?,Een functie is een herbruikbaar blok code dat een specifieke taak uitvoert wanneer het wordt aangeroepen.
351,Wat is een klasse in OOP?,Een klasse is een blauwdruk voor het maken van objecten en definieert hun eigenschappen en gedrag.
352,Wat is GitHub?,"GitHub is een platform voor versiebeheer dat wordt gebruikt om code op te slaan, te delen en samen te werken aan softwareprojecten."
353,Wat is de betekenis van 'DRY' in programmeren?,'DRY' staat voor 'Don't Repeat Yourself' en moedigt aan om code duplicatie te vermijden door herbruikbare componenten te maken.
354,Wat zijn de voordelen van codeversiebeheer?,"Codeversiebeheer helpt bij het bijhouden van wijzigingen in de code, samenwerking met anderen en herstellen van fouten."
355,Wat is een SQL-injectie?,Een SQL-injectie is een beveiligingsaanval waarbij een aanvaller schadelijke SQL-code invoegt in een invoerveld om de database te manipuleren.
356,Hoe kun je een willekeurig getal genereren in een programmeertaal?,"Dit kan variëren afhankelijk van de programmeertaal, maar meestal kun je de functie rand() gebruiken."
357,Wat is het belang van 'camelCase' en 'snake_case' in programmeren?,'camelCase' en 'snake_case' zijn conventies voor het benoemen van variabelen en functies om de leesbaarheid van de code te verbeteren.
358,Wat is de betekenis van 'agile' in softwareontwikkeling?,"'Agile' is een ontwikkelingsmethode die zich richt op flexibiliteit, samenwerking en continue verbetering in softwareprojecten."
359,Wat zijn 'null' en 'undefined' in programmeren?,'null' en 'undefined' zijn waarden die worden gebruikt om aan te geven dat er geen waarde aan een variabele is toegewezen.
360,Wat is een 'exception' in programmeren?,Een 'exception' is een onverwachte gebeurtenis of fout die optreedt tijdens de uitvoering van een programma.
361,Wat is de betekenis van 'HTTP' in webontwikkeling?,'HTTP' staat voor 'Hypertext Transfer Protocol' en is het protocol dat wordt gebruikt voor communicatie tussen webbrowsers en servers.
362,Wat is een 'framework' in softwareontwikkeling?,Een 'framework' is een gestructureerde set hulpmiddelen en bibliotheken die wordt gebruikt om de ontwikkeling van softwaretoepassingen te versnellen.
363,Wat is het belang van 'testing' in softwareontwikkeling?,Testing helpt bij het identificeren en oplossen van fouten in de code en zorgt voor de kwaliteit en betrouwbaarheid van software.
364,Wat zijn 'cookies' in webontwikkeling?,'Cookies' zijn kleine stukjes gegevens die op de computer van een gebruiker worden opgeslagen en worden gebruikt om informatie over de gebruiker bij te houden.
365,Wat is 'agile' softwareontwikkeling?,"'Agile' softwareontwikkeling is een iteratieve en flexibele benadering van softwareontwikkeling, gericht op klanttevredenheid en samenwerking."
366,Wat is 'pair programming'?,"'Pair programming' is een praktijk waarbij twee programmeurs samenwerken aan dezelfde code, waarbij één typt en de ander controleert."
367,Wat is de betekenis van 'UI' en 'UX' in webontwikkeling?,"'UI' staat voor 'User Interface' en verwijst naar het ontwerp van de gebruikersinterface, terwijl 'UX' staat voor 'User Experience' en verwijst naar de algehele gebruikerservaring."
368,Wat is 'dependency injection' in softwareontwikkeling?,'Dependency injection' is een ontwerppatroon waarbij de afhankelijkheden van een klasse extern worden geïnjecteerd om de flexibiliteit en testbaarheid te verbeteren.
369,Wat is 'agile' projectmanagement?,'Agile' projectmanagement is een benadering van projectmanagement die flexibiliteit en iteratieve planning benadrukt.
370,Wat is 'refactoring' in programmeren?,'Refactoring' is het proces van het herstructureren van bestaande code om deze leesbaarder en onderhoudsvriendelijker te maken zonder het gedrag te wijzigen.
371,Wat is 'continuous integration' (CI)?,'Continuous Integration' is een praktijk waarbij code regelmatig wordt samengevoegd en automatisch wordt getest om integratieproblemen vroeg te identificeren.
372,Wat is een 'RESTful API'?,Een 'RESTful API' is een API die voldoet aan de principes van het Representational State Transfer (REST)-architectuurmodel.
373,Wat is 'agile' retrospectives?,'Agile' retrospectives zijn regelmatige bijeenkomsten waarin het ontwikkelteam terugkijkt op het werk en bespreekt hoe het proces kan worden verbeterd.
374,Wat is 'Scrum' in softwareontwikkeling?,"'Scrum' is een agile ontwikkelingsmethode die werkt met korte iteraties, genaamd 'sprints', en heeft rollen zoals Scrum Master en Product Owner."
375,Wat is 'Kanban' in softwareontwikkeling?,"'Kanban' is een visuele methode voor taakbeheer en workflowbeheer, waarbij werkitems worden verplaatst over een bord."
376,Wat is 'cybersecurity'?,"'Cybersecurity' is het gebied van informatietechnologie dat zich richt op het beschermen van systemen, netwerken en gegevens tegen cyberdreigingen."
377,Wat is 'DevOps'?,'DevOps' is een samenwerkingscultuur en -praktijk die softwareontwikkeling en IT-operations integreert om de ontwikkeling en implementatie van software te versnellen.
378,Wat is 'big data'?,"'Big data' verwijst naar grote hoeveelheden gegevens die snel groeien en complex zijn, en die nieuwe analytische en verwerkingsmethoden vereisen."
379,Wat is 'machine learning'?,'Machine learning' is een subset van kunstmatige intelligentie die zich richt op het ontwikkelen van algoritmen die kunnen leren en zich aanpassen aan gegevens.
380,Wat is 'cloud computing'?,"'Cloud computing' is een model voor het leveren van computerdiensten via internet, waaronder opslag, rekenkracht en applicaties."
381,Wat is 'data mining'?,'Data mining' is het proces van het ontdekken van verborgen patronen en informatie in grote datasets.
382,Wat zijn 'neurale netwerken'?,'Neurale netwerken' zijn een type machine learning-model dat is geïnspireerd op de werking van het menselijk brein.
383,Wat is 'natural language processing' (NLP)?,'Natural Language Processing' is een tak van kunstmatige intelligentie die zich richt op het begrijpen en verwerken van menselijke taal door computers.
384,Wat is 'robotica'?,"'Robotica' is het vakgebied dat zich bezighoudt met het ontwerpen, bouwen en programmeren van autonome machines of robots."
385,Wat is 'blockchain'?,'Blockchain' is een gedistribueerd grootboeksysteem dat transacties veilig en transparant registreert en verifieert.
386,Wat is 'quantum computing'?,'Quantum computing' is een vorm van computing die gebruikmaakt van de principes van de quantummechanica om complexe berekeningen uit te voeren.
387,Wat is 'virtual reality' (VR)?,'Virtual Reality' is een technologie die computergegenereerde omgevingen creëert en gebruikers in staat stelt deze te ervaren als echte omgevingen.
388,Wat is 'augmented reality' (AR)?,'Augmented Reality' is een technologie die computergegenereerde informatie en beelden toevoegt aan de echte wereld.
389,Wat is 'IoT' (Internet of Things)?,'IoT' verwijst naar het netwerk van fysieke apparaten en objecten die zijn verbonden met het internet en gegevens kunnen verzamelen en uitwisselen.
390,Wat zijn 'algoritmen voor machine learning'?,'Algoritmen voor machine learning' zijn wiskundige modellen en technieken die worden gebruikt om computers te trainen om patronen te herkennen en voorspellingen te doen op basis van gegevens.
391,Wat is 'deep learning'?,"'Deep learning' is een subset van machine learning die zich richt op neurale netwerken met meerdere lagen om complexe taken uit te voeren, zoals beeldherkenning en natuurlijke taalverwerking."
392,Hoe voer je een 'for'-lus uit in Python?,"Een 'for'-lus in Python kan worden uitgevoerd met behulp van de 'for' loop-constructie, bijvoorbeeld 'for i in range(5):'."
393,Hoe maak je een nieuw object van een klasse in Python?,"Je maakt een nieuw object van een klasse door de klasse te instantiëren, bijvoorbeeld 'mijn_object = MijnKlasse()' in Python."
394,Wat is overerving in OOP?,Overerving is het proces waarbij een nieuwe klasse wordt gemaakt door eigenschappen en methoden van een bestaande klasse te hergebruiken.
395,Wat is polymorfisme in OOP?,Polymorfisme is het vermogen van objecten van verschillende klassen om dezelfde methode te implementeren op een manier die geschikt is voor hun specifieke klasse.
396,Wat is encapsulatie in OOP?,Encapsulatie is het concept waarbij de interne details van een klasse worden verborgen voor externe toegang.
397,Wat is een foutmelding (exception) in programmeren?,Een foutmelding is een onverwachte gebeurtenis of conditie die optreedt tijdens de uitvoering van een programma en die de normale uitvoering onderbreekt.
398,Hoe kan je foutafhandeling (exception handling) implementeren in Python?,"Foutafhandeling kan worden geïmplementeerd met behulp van 'try', 'except' en 'finally' blokken in Python."
399,Wat is version control (versiebeheer) in softwareontwikkeling?,Version control is het beheer van wijzigingen in de broncode en het bijhouden van de geschiedenis van die wijzigingen.
400,Wat is Git?,Git is een gedistribueerd versiebeheersysteem dat wordt gebruikt om wijzigingen in broncode bij te houden en te beheren.
401,Hoe maak je een Git-repository?,Je kunt een Git-repository maken met het 'git init' commando in een map met je projectbestanden.
402,Wat is een pull-verzoek (pull request) in Git?,"Een pull-verzoek is een verzoek om wijzigingen van een ene Git-branch naar een andere te halen, vaak gebruikt in samenwerkingsprojecten."
403,Noem enkele soorten databasesystemen.,"Voorbeelden zijn relationele databases zoals MySQL en PostgreSQL, NoSQL-databases zoals MongoDB, en in-memory databases zoals Redis."
404,Wat is SQL (Structured Query Language)?,SQL is een speciale taal die wordt gebruikt om met relationele databases te communiceren en gegevens te beheren.
405,Wat is een primaire sleutel (primary key) in een database?,Een primaire sleutel is een unieke identificator voor een rij in een database en wordt vaak gebruikt om rijen te onderscheiden.
406,Wat is een HTTP-statuscode?,"Een HTTP-statuscode is een numerieke code die wordt teruggestuurd door een webserver om de status van een HTTP-verzoek aan te geven, bijv. 404 voor 'Niet gevonden'."
407,Wat is een URL (Uniform Resource Locator)?,Een URL is een gestructureerde tekst die wordt gebruikt om de locatie van een bron op het internet aan te duiden.
408,Wat is een webframework?,Een webframework is een set tools en bibliotheken die worden gebruikt om webtoepassingen te ontwikkelen en te vereenvoudigen.
409,Noem enkele populaire webframeworks in Python.,"Voorbeelden zijn Django, Flask en Pyramid."
410,Wat is een API-endpoint?,Een API-endpoint is een specifieke URL waarmee een externe toepassing toegang krijgt tot gegevens of functionaliteit van een andere toepassing via een API.
411,Wat is een HTTP-verzoekmethode (HTTP request method)?,"HTTP-verzoekmethoden zoals GET, POST, PUT en DELETE geven aan welke actie moet worden uitgevoerd op een bepaalde bron op een webserver."
412,Wat is debugging in softwareontwikkeling?,Debugging is het proces van het identificeren en oplossen van fouten en onjuist gedrag in een programma.
413,Hoe voer je unit tests uit in Python?,Je kunt unit tests uitvoeren met behulp van de Python 'unittest' module of externe testbibliotheken zoals 'pytest'.
414,Wat is Big O-notatie?,Big O-notatie is een manier om de efficiëntie en complexiteit van een algoritme te beschrijven in termen van de groei van de inputgrootte.
415,Wat is dynamische geheugenallocatie?,Dynamische geheugenallocatie is het proces van het toewijzen en vrijgeven van geheugen tijdens de uitvoering van een programma.
416,Wat is een 404-fout?,Een 404-fout is een HTTP-statuscode die aangeeft dat de gevraagde bron niet is gevonden op de server.
417,Noem enkele voorbeelden van programmeertalen.,"Voorbeelden zijn Python, Java, C++, JavaScript, en Ruby."
418,Wat is een variabele?,Een variabele is een symboolische naam voor een waarde die in een programma kan worden opgeslagen en gewijzigd.
419,Hoe declareer je een variabele in Python?,"Je kunt een variabele declareren door de naam te kiezen gevolgd door een toekenningsteken, bijvoorbeeld 'x = 5'."
420,Wat is een datatypen?,"Een datatypen geeft het soort gegevens aan dat in een variabele kan worden opgeslagen, zoals integer, string, of boolean."
421,Hoe definieer je een functie in Python?,"Een functie wordt gedefinieerd met het 'def' trefwoord, gevolgd door de functienaam en parameters, bijvoorbeeld 'def my_function(x, y):'."
422,Wat is een lus (loop) in programmeren?,Een lus is een controlestructuur die herhaaldelijk een bepaalde reeks instructies uitvoert totdat aan een bepaalde voorwaarde is voldaan.
423,Wat is een if-verklaring?,Een if-verklaring is een controlestructuur die bepaalde instructies uitvoert als een bepaalde voorwaarde waar is.
424,Wat is een array (lijst) in programmeren?,Een array is een gegevensstructuur die meerdere waarden van hetzelfde datatype kan bevatten.
425,Hoe kun je commentaar toevoegen aan je code in Python?,"Je kunt commentaar toevoegen met het '#' symbool, bijvoorbeeld '# Dit is een opmerking in Python'."
426,Wat is een bibliotheek in programmeren?,Een bibliotheek is een verzameling vooraf geschreven code die programmeurs kunnen hergebruiken om veelvoorkomende taken uit te voeren.
427,Wat is een IDE (Integrated Development Environment)?,"Een IDE is een softwaretoepassing die programmeurs helpt bij het schrijven, testen en debuggen van code."
428,Wat is een compiler?,Een compiler is een programma dat de broncode van een programma omzet in machinecode die door de computer kan worden uitgevoerd.
429,Wat is een interpreter?,Een interpreter is een programma dat de broncode van een programma regel voor regel leest en onmiddellijk uitvoert.
430,Wat is een versiebeheersysteem (VCS)?,"Een VCS is een systeem waarmee programmeurs wijzigingen in de code kunnen bijhouden, beheren en samenwerken met anderen."
431,Wat is HTML?,HTML staat voor HyperText Markup Language en wordt gebruikt voor het maken van webpagina's.
432,Wat is CSS?,CSS staat voor Cascading Style Sheets en wordt gebruikt voor het stijlen van webpagina's.
433,Wat is JavaScript?,JavaScript is een programmeertaal die wordt gebruikt voor het toevoegen van interactiviteit aan webpagina's.
434,Wat is SQL?,SQL staat voor Structured Query Language en wordt gebruikt voor het beheren van relationele databases.
435,Wat is een API?,Een API (Application Programming Interface) is een set van regels en protocollen waarmee verschillende softwaretoepassingen met elkaar kunnen communiceren.
436,Wat is een lus (loop)?,Een lus is een programmeerconstructie die herhaaldelijk een reeks instructies uitvoert totdat aan een bepaalde voorwaarde is voldaan.
437,Wat is een parameter?,Een parameter is een waarde die aan een functie wordt doorgegeven wanneer deze wordt aangeroepen en die de functie kan gebruiken.
438,Wat is een return-waarde?,Een return-waarde is de waarde die een functie teruggeeft wanneer deze is voltooid.
439,Wat is een string?,"Een string is een reeks tekens, zoals letters, cijfers en symbolen."
440,Hoe kun je een string in Python omkeren?,"Je kunt een string in Python omkeren met behulp van slicing, bijvoorbeeld 'my_string[::-1]' geeft de omgekeerde string."
441,Wat is een lijst (list) in Python?,Een lijst is een gegevensstructuur in Python die een geordende verzameling van elementen kan bevatten.
442,Hoe voeg je een element toe aan een lijst in Python?,"Je kunt het 'append' methode gebruiken om een element aan het einde van een lijst toe te voegen, bijvoorbeeld 'my_list.append(5)' voegt het getal 5 toe aan de lijst."
443,Wat is een dictionary (dict) in Python?,Een dictionary is een gegevensstructuur in Python die een verzameling van sleutel-waardeparen bevat.
444,Hoe definieer je een dictionary in Python?,"Je kunt een dictionary definiëren met behulp van accolades en de 'sleutel: waarde'-notatie, bijvoorbeeld 'my_dict = {'a': 1, 'b': 2}' creëert een dictionary met twee sleutel-waardeparen."
445,Wat is een boolean?,Een boolean is een datatype dat twee waarden kan hebben: True of False.
446,Wat is een conditional statement?,"Een conditional statement is een programmeerconstructie die bepaalde instructies uitvoert op basis van een voorwaarde, zoals een 'if'-verklaring."
447,Wat is een lus (loop) in Python?,"Een lus in Python is een constructie waarmee je herhaaldelijk een blok code kunt uitvoeren, zoals 'for' en 'while' loops."
448,Hoe beëindig je een lus vroegtijdig in Python?,Je kunt een lus vroegtijdig beëindigen met het 'break' trefwoord.
449,Wat is een module in Python?,"Een module is een verzameling functies, variabelen en klassen die je kunt importeren en hergebruiken in andere Python-bestanden."
450,Hoe importeer je een module in Python?,"Je kunt een module importeren met behulp van het 'import' trefwoord, bijvoorbeeld 'import math' importeert de wiskunde-module."
451,Wat is een bestand (file) in Python?,Een bestand in Python is een opslageenheid voor gegevens op een computer.
452,Hoe kun je een bestand openen in Python?,"Je kunt een bestand openen met het 'open' functie en aangeven of je het wilt lezen ('r'), schrijven ('w') of aanvullen ('a')."
453,Wat is een exception (uitzondering) in Python?,Een exception is een fout die optreedt tijdens de uitvoering van een programma en die kan worden afgehandeld met behulp van 'try' en 'except' blokken.
454,Wat is een class (klasse) in OOP?,Een klasse in objectgeoriënteerd programmeren (OOP) is een blauwdruk voor het maken van objecten met gemeenschappelijke eigenschappen en gedrag.
455,Wat is overerving (inheritance) in OOP?,Overerving is een mechanisme waarbij een nieuwe klasse eigenschappen en gedrag kan erven van een bestaande klasse.
456,Wat is een constructor in OOP?,Een constructor is een speciale methode in een klasse die wordt gebruikt om objecten van die klasse te initialiseren.
457,Wat is een getter en setter in OOP?,"Een getter is een methode in een klasse om de waarde van een privé-attribuut op te halen, en een setter is een methode om de waarde ervan te wijzigen."
458,Wat is een stack (stapel) in datastructuren?,"Een stack is een gegevensstructuur waarbij elementen worden toegevoegd en verwijderd volgens het 'last-in, first-out' (LIFO) principe."
459,Wat is een queue (wachtrij) in datastructuren?,"Een queue is een gegevensstructuur waarbij elementen worden toegevoegd aan het einde en verwijderd vanaf het begin volgens het 'first-in, first-out' (FIFO) principe."
460,Wat is SQL-injectie?,SQL-injectie is een aanvalstechniek waarbij kwaadwillende gebruikers schadelijke SQL-code in invoervelden invoeren om de database te manipuleren.
461,Wat is een repository in Git?,Een repository is een opslagplaats waarin alle bestanden en geschiedenis van een Git-project worden bewaard.
462,Wat is een commit in Git?,"Een commit is een opgeslagen momentopname van de wijzigingen in een Git-repository, samen met een beschrijvend bericht."
463,Wat is een pull request in Git?,"Een pull request is een verzoek om wijzigingen die in een aparte tak zijn gemaakt, samen te voegen met de hoofdtak van een Git-repository."
464,Wat is een cloud computing?,"Cloud computing is het leveren van rekenkracht, opslag en andere IT-resources via het internet."
465,Wat is virtualisatie?,"Virtualisatie is het creëren van virtuele versies van hardware, besturingssystemen of andere IT-resources."
466,Wat is een API-sleutel?,Een API-sleutel is een unieke code die wordt gebruikt om toegang te krijgen tot bepaalde services of gegevens via een API.
467,Wat is een Docker-container?,"Een Docker-container is een lichtgewicht, zelfstandige uitvoerbare eenheid die een toepassing en de benodigde software en configuratie bevat."
468,Wat is agile softwareontwikkeling?,Agile softwareontwikkeling is een benadering waarbij software iteratief wordt ontwikkeld in kleine stappen met frequente feedback van belanghebbenden.
469,Wat is DevOps?,DevOps is een werkcultuur en praktijk die ontwikkeling (Dev) en operationele (Ops) teams samenbrengt om de softwarelevering te versnellen en verbeteren.
470,Wat is cybersecurity?,"Cybersecurity is het beschermen van computersystemen, netwerken en gegevens tegen beveiligingsbedreigingen en aanvallen."
471,Wat is machine learning?,Machine learning is een vorm van kunstmatige intelligentie waarbij computersystemen leren van gegevens en patronen herkennen zonder expliciete programmering.
472,Wat is een neuron in neurale netwerken?,"Een neuron in neurale netwerken is een computationele eenheid die signalen ontvangt, verwerkt en doorgeeft als onderdeel van het leerproces."
473,Wat is een GUI (Graphical User Interface)?,"Een GUI is een visuele manier voor gebruikers om met computersoftware te communiceren, met grafische elementen zoals knoppen en vensters."
474,Wat is een CLI (Command Line Interface)?,Een CLI is een tekstuele manier voor gebruikers om met computersoftware te communiceren door middel van opdrachten en tekstinvoer.
475,Wat is een HTTP-verzoekmethode?,"Een HTTP-verzoekmethode is een instructie die aangeeft welke actie de client wil uitvoeren op een webbron, zoals GET, POST, PUT of DELETE."
476,Wat is een RESTful API?,Een RESTful API is een web-API die voldoet aan de principes van Representational State Transfer (REST) en gebruikmaakt van HTTP-verzoekmethoden voor gegevensinteractie.
477,Wat is een JSON (JavaScript Object Notation)?,JSON is een tekstformaat voor gegevensuitwisseling dat gemakkelijk leesbaar is voor mensen en wordt veel gebruikt in web-API's.
478,Wat is een HTTP-header?,"Een HTTP-header is een deel van een HTTP-verzoek of -reactie dat extra informatie bevat over de communicatie, zoals content-type en cookies."
479,Wat is een open source-software?,"Open source-software is software waarvan de broncode vrij beschikbaar is voor het publiek om te bekijken, wijzigen en distribueren."
480,Wat is een bug in software?,"Een bug is een fout, onverwacht gedrag of defect in software."
481,Wat is een middleware in software-architectuur?,Middleware is software die fungeert als een tussenlaag tussen verschillende applicatiecomponenten om communicatie en integratie te vergemakkelijken.
482,Wat is een framework in softwareontwikkeling?,"Een framework is een gestructureerde set hulpmiddelen, bibliotheken en regels voor het ontwikkelen van softwaretoepassingen."
483,Wat is een cyclomatische complexiteit?,Cyclomatische complexiteit is een metriek voor de complexiteit van een programma op basis van de controlestroom van de code.
484,Wat is continuous integration (CI)?,Continuous integration is een ontwikkelingspraktijk waarbij code regelmatig wordt samengevoegd in een gedeelde repository en automatisch wordt getest en gebouwd.
485,Wat is een DDoS-aanval?,"Een DDoS-aanval (Distributed Denial of Service) is een aanval waarbij kwaadwillende gebruikers proberen een server of netwerk te overbelasten met verkeer, waardoor de service onbereikbaar wordt."
486,Wat is een API Gateway?,Een API Gateway is een server die wordt gebruikt om toegang te verlenen tot meerdere microservices via een enkel API-eindpunt.
487,Wat is een microservices-architectuur?,"Een microservices-architectuur is een benadering van softwareontwikkeling waarbij een applicatie wordt opgedeeld in kleine, onafhankelijke services die samenwerken."
488,Wat is een DNS (Domain Name System)?,"DNS is een systeem dat domeinnamen vertaalt naar IP-adressen, waardoor computers op internet elkaar kunnen vinden."
489,Wat is een datalek?,Een datalek is een incident waarbij ongeautoriseerde personen toegang krijgen tot gevoelige gegevens.
490,Wat is een webserver?,Een webserver is een computerprogramma dat webpagina's en andere webinhoud levert aan clientcomputers via HTTP.
491,Wat is de hoofdstad van Frankrijk?,De hoofdstad van Frankrijk is Parijs.
492,Hoeveel officiële talen heeft de Verenigde Naties?,"De Verenigde Naties hebben zes officiële talen: Arabisch, Chinees, Engels, Frans, Russisch en Spaans."
493,Wat is een synoniem voor 'educatie'?,Een synoniem voor 'educatie' is 'onderwijs'.
494,Wat betekent 'CV'?,"'CV' staat voor 'curriculum vitae' en is een document dat iemands opleiding, werkervaring en vaardigheden samenvat."
495,Wat is een vakantiedag?,Een vakantiedag is een dag waarop mensen vrij nemen van werk of school om te ontspannen of te reizen.
496,Wat is een stage?,Een stage is een tijdelijke werkervaring die studenten of beginnende professionals opdoen om praktische vaardigheden te ontwikkelen.
497,Wat is freelancen?,Freelancen is een vorm van werk waarbij iemand als zelfstandige werkt en projecten voor verschillende opdrachtgevers uitvoert.
498,Wat is een sollicitatiegesprek?,Een sollicitatiegesprek is een ontmoeting tussen een werkzoekende en een potentiële werkgever om de geschiktheid van de kandidaat voor een baan te beoordelen.
499,Wat is het verschil tussen voltijds en deeltijds werk?,"Voltijds werk is een baan waarbij iemand een volledige werkweek werkt, terwijl deeltijds werk minder uren per week omvat."
500,Wat is een prototype?,Een prototype is een vroege versie of model van een product dat wordt gemaakt om het concept te testen en te ontwikkelen.
501,Hoe kun je een eenvoudige website maken?,Je kunt een eenvoudige website maken met HTML en CSS om inhoud en opmaak toe te voegen.
502,Wat is een algoritme in de context van informatica?,In informatica is een algoritme een stapsgewijze reeks instructies om een specifiek probleem op te lossen.
503,Wat is een diploma?,Een diploma is een officieel document dat wordt uitgereikt na het succesvol afronden van een opleiding of programma.
504,Hoeveel graden heeft een rechthoek?,Een rechthoek heeft vier hoeken van 90 graden.
505,Wat is een motivatiebrief?,Een motivatiebrief is een brief die wordt geschreven om de redenen en motivatie voor het solliciteren naar een bepaalde baan of studieprogramma uiteen te zetten.
506,Wat is een curriculum?,Een curriculum is een gestructureerd plan dat de inhoud en doelstellingen van een opleiding of cursus beschrijft.
507,Wat betekent 'creativiteit'?,'Creativiteit' verwijst naar het vermogen om nieuwe ideeën te genereren en originele oplossingen te bedenken.
508,Wat is een teambuildingactiviteit?,Teambuildingactiviteiten zijn activiteiten die worden georganiseerd om de samenwerking en communicatie binnen een team te verbeteren.
509,Hoe kun je een taal leren?,"Je kunt een taal leren door te oefenen, te luisteren, te lezen, en door taalcursussen te volgen."
510,Wat betekent 'budgetteren'?,'Budgetteren' verwijst naar het beheren van financiële middelen door een plan te maken voor inkomsten en uitgaven.
511,Wat is een stagevergoeding?,Een stagevergoeding is een bedrag dat aan stagiairs wordt betaald als vergoeding voor hun werk tijdens een stage.
512,Wat zijn soft skills?,"Soft skills zijn niet-technische vaardigheden zoals communicatie, teamwork en probleemoplossing."
513,Wat is 'naleving' op de werkplek?,"'Naleving' verwijst naar het voldoen aan wet- en regelgeving op de werkplek, zoals arbeidsrecht en veiligheidsvoorschriften."
514,Wat betekent 'ondernemerschap'?,'Ondernemerschap' verwijst naar het proces van het opzetten en beheren van een bedrijf of onderneming.
515,Wat is een brainstormsessie?,Een brainstormsessie is een vergadering waarbij mensen ideeën genereren en creatieve oplossingen bedenken voor specifieke problemen.
516,Hoe kan ik in Nederland integreren?,"Integreren in Nederland kan een proces zijn dat tijd en inspanning vergt. Hier zijn enkele stappen die kunnen helpen:

1. Leer de Nederlandse taal: Het beheersen van de Nederlandse taal is essentieel voor effectieve communicatie en integratie.
2. Ken de cultuur: Leer over de Nederlandse cultuur, normen en waarden, en respecteer deze.
3. Werk aan sociale contacten: Maak vrienden en bouw relaties op met zowel Nederlanders als mensen uit andere culturen.
4. Zoek werk of onderwijs: Een baan of onderwijs volgen in Nederland kan je helpen bij integratie en zelfstandigheid.
5. Word betrokken bij de gemeenschap: Neem deel aan lokale evenementen, vrijwilligerswerk en activiteiten.
6. Ken je rechten en plichten: Leer over je rechten en verantwoordelijkheden als inwoner van Nederland.
7. Geduld en doorzettingsvermogen: Integratie kan tijd kosten, dus wees geduldig en blijf gemotiveerd.

Dit zijn algemene richtlijnen, en integratie kan voor iedereen anders zijn. Het kan ook nuttig zijn om advies te vragen aan lokale instanties en organisaties die ondersteuning bieden aan nieuwkomers."
517,hoe kan ik in nederland integreren?,"Integreren in Nederland kan een proces zijn dat tijd en inspanning vergt. Hier zijn enkele stappen die kunnen helpen:

1. Leer de Nederlandse taal: Het beheersen van de Nederlandse taal is essentieel voor effectieve communicatie en integratie.
2. Ken de cultuur: Leer over de Nederlandse cultuur, normen en waarden, en respecteer deze.
3. Werk aan sociale contacten: Maak vrienden en bouw relaties op met zowel Nederlanders als mensen uit andere culturen.
4. Zoek werk of onderwijs: Een baan of onderwijs volgen in Nederland kan je helpen bij integratie en zelfstandigheid.
5. Word betrokken bij de gemeenschap: Neem deel aan lokale evenementen, vrijwilligerswerk en activiteiten.
6. Ken je rechten en plichten: Leer over je rechten en verantwoordelijkheden als inwoner van Nederland.
7. Geduld en doorzettingsvermogen: Integratie kan tijd kosten, dus wees geduldig en blijf gemotiveerd.

Dit zijn algemene richtlijnen, en integratie kan voor iedereen anders zijn. Het kan ook nuttig zijn om advies te vragen aan lokale instanties en organisaties die ondersteuning bieden aan nieuwkomers."
518,Wat is cultuur?,"Cultuur verwijst naar de gedeelde waarden, normen, overtuigingen, tradities, gewoonten, kunstuitingen en manieren van leven van een groep mensen. Het omvat ook de sociale, politieke en economische structuren die de samenleving vormgeven. Cultuur speelt een belangrijke rol bij het definiëren van de identiteit en het gedrag van een gemeenschap of samenleving."
519,"1. Wat is de AVG/GDPR, en wat verandert er?","De GDPR is een harmonisering van de Europese wetgeving zodat alle burgers in Europa dezelfde rechten krijgen, en voor aanbieders van diensten er minder naar lokale wetgeving gekeken hoeft te worden. ... (volledig antwoord)"
520,2. Waar moet ik beginnen?,"De meest eenvoudige stap is het kijken op de website van de Autoriteit Persoonsgegevens, die op haar website een stappenplan heeft staan... (volledig antwoord)"
521,3. Waar gaan de patiëntgegevens heen?,Het is voor de GDPR van belang om de verschillende gegevensstromen te inventariseren. De belangrijkste is uiteraard die van de patiënt-/onderzoeks-informatie... (volledig antwoord)
522,4. Is nu overal toestemming van de patiënt nodig?,Voor alle verwerking van persoonsgegevens is een grondslag nodig: een wettelijk geaccepteerde reden om de gegevens te mogen verwerken... (volledig antwoord)
523,5. Rechten patiënten,"De GDPR geeft de patiënt expliciet rechten: de patiënt moet zijn gegevens kunnen inzien, indien nodig corrigeren en desnoods verwijderen... (volledig antwoord)"
524,6. Logging/vastlegging,"Vanuit de GDPR, maar ook al vanuit de huidige wetgeving, moet men vastleggen wie een medisch dossier heeft ingezien... (volledig antwoord)"
525,7. Zijn de gegevens passend beschermd?,"De wet eist dat gegevens passend beschermd zijn op zowel organisatorisch als technisch vlak, en dat er gebruik gemaakt wordt bij principes als “Privacy by Design”... (volledig antwoord)"
526,Wat voor bedrijven zijn het best voor opleidingen?,"Het type bedrijf dat het beste is voor opleidingen hangt af van het soort opleiding dat je zoekt. Er zijn gespecialiseerde opleidingsinstituten, universiteiten, online cursusplatforms, bedrijfsscholen en meer. Het beste bedrijf voor een opleiding zal afhangen van je specifieke behoeften, zoals het vakgebied, het niveau van de opleiding en je persoonlijke leerstijl."
527,In ... komt alle soort opleidingen?,"In veel steden en regio's over de hele wereld zijn er diverse opleidingsmogelijkheden beschikbaar. Universiteiten, hogescholen, technische scholen, online platforms en lokale opleidingscentra bieden verschillende soorten opleidingen. Het is belangrijk om te kijken naar de beschikbaarheid van opleidingen in de specifieke locatie waarin je geïnteresseerd bent en om te bepalen welk soort opleiding je wilt volgen voordat je een keuze maakt."
